Jan 1, 2020	21.50	22.24	21.30	22.19	1,262,500
Jan 2, 2020	22.30	23.19	22.30	22.82	3,782,000
Jan 3, 2020	22.65	22.80	22.12	22.35	1,654,000
Jan 6, 2020	22.01	22.01	21.24	21.24	2,709,000
Jan 7, 2020	21.25	21.80	20.95	21.72	1,788,000
Jan 8, 2020	20.77	21.49	20.65	20.82	2,037,500
Jan 9, 2020	21.28	21.86	21.25	21.83	2,687,500
Jan 10, 2020	21.99	22.14	21.74	22.02	4,011,000
Jan 13, 2020	22.01	22.36	21.70	21.94	3,248,500
Jan 14, 2020	21.80	22.07	21.60	21.67	1,207,000
Jan 15, 2020	21.81	21.97	21.43	21.52	526,500
Jan 16, 2020	21.52	21.85	21.40	21.55	698,000
Jan 17, 2020	21.69	21.75	21.45	21.53	880,000
Jan 20, 2020	21.63	21.74	21.01	21.21	845,500
Jan 21, 2020	21.39	21.40	20.85	21.00	789,500
Jan 22, 2020	21.20	21.30	20.41	20.61	1,282,500
Jan 23, 2020	20.75	21.00	20.50	20.62	946,000
Jan 24, 2020	20.94	20.94	20.55	20.75	251,000
Jan 27, 2020	20.61	21.05	20.61	20.86	965,500
Jan 28, 2020	20.86	20.90	20.51	20.82	231,000
Jan 29, 2020	21.00	21.27	20.75	20.79	1,988,000
Jan 30, 2020	20.67	20.80	20.42	20.58	1,999,500
Jan 31, 2020	20.70	20.80	20.00	20.07	1,571,000
Feb 3, 2020	19.90	19.90	18.87	18.97	3,720,000
Feb 4, 2020	19.34	19.35	19.00	19.19	984,500
Feb 6, 2020	19.25	19.70	19.16	19.21	1,833,500
Feb 7, 2020	19.11	19.30	18.75	18.80	1,310,500
Feb 10, 2020	18.51	18.60	17.76	17.83	1,078,500
Feb 11, 2020	18.23	18.25	17.00	17.74	1,653,500
Feb 12, 2020	17.90	18.35	17.75	18.30	1,244,000
Feb 13, 2020	18.39	18.57	18.11	18.24	420,000
Feb 14, 2020	18.20	18.20	17.80	17.92	201,000
Feb 17, 2020	18.00	18.15	17.70	18.06	347,500
Feb 18, 2020	18.25	18.25	17.95	18.02	494,500
Feb 19, 2020	17.90	18.24	17.85	18.03	369,500
Feb 20, 2020	18.10	18.10	17.90	17.94	286,000
Feb 21, 2020	18.08	18.22	17.52	17.89	199,500
Feb 24, 2020	17.80	17.80	16.73	16.83	1,352,000
Feb 25, 2020	16.63	17.28	16.63	16.75	650,000
Feb 26, 2020	16.56	16.75	16.32	16.54	846,500
Feb 27, 2020	16.00	16.40	15.47	16.05	2,600,500
Feb 28, 2020	16.05	16.25	15.76	15.85	1,281,000
Mar 2, 2020	15.85	16.63	15.85	16.55	961,500
Mar 3, 2020	16.75	17.16	16.61	16.84	1,497,000
Mar 4, 2020	16.90	16.98	16.45	16.53	283,500
Mar 5, 2020	16.80	17.15	16.75	16.84	1,687,000
Mar 6, 2020	16.80	17.00	16.25	16.40	300,500
Mar 9, 2020	15.60	16.60	15.26	16.33	740,000
Mar 10, 2020	16.24	16.66	16.00	16.59	716,500
Mar 11, 2020	16.60	16.80	16.02	16.12	511,000
Mar 12, 2020	15.65	16.00	15.34	15.53	344,000
Mar 13, 2020	15.20	15.50	14.51	15.24	750,000
Mar 16, 2020	15.28	15.28	14.10	14.10	1,223,500
Mar 17, 2020	13.74	14.40	13.41	13.53	594,500
Mar 18, 2020	13.15	13.15	12.52	12.52	1,361,000
Mar 19, 2020	11.55	12.29	11.52	12.00	2,028,500
Mar 20, 2020	12.30	12.59	11.70	12.02	1,988,500
Mar 24, 2020	11.02	11.02	11.02	11.02	316,000
Mar 25, 2020	11.30	11.32	10.10	10.25	1,048,000
Mar 26, 2020	10.50	11.20	10.50	10.56	775,000
Mar 27, 2020	10.51	11.25	10.38	10.90	1,230,000
Mar 30, 2020	10.88	10.88	10.44	10.68	1,164,500
Mar 31, 2020	10.55	11.68	10.55	11.60	2,073,000
Apr 1, 2020	11.63	12.39	11.51	12.13	1,451,000
Apr 2, 2020	12.00	13.13	11.85	13.09	2,726,000
Apr 3, 2020	13.49	13.83	13.30	13.56	1,764,000
Apr 6, 2020	13.79	13.80	12.80	12.89	877,000
Apr 7, 2020	12.81	13.18	12.63	13.00	325,500
Apr 8, 2020	13.00	13.10	12.70	13.06	472,000
Apr 9, 2020	13.20	13.49	13.20	13.29	1,072,000
Apr 10, 2020	13.20	13.66	12.92	13.52	1,172,000
Apr 13, 2020	13.48	13.48	12.80	12.87	624,000
Apr 14, 2020	12.80	13.15	12.70	13.05	321,500
Apr 15, 2020	13.19	13.28	12.51	12.79	1,516,500
Apr 16, 2020	12.75	12.98	12.65	12.88	303,000
Apr 17, 2020	13.49	13.88	13.35	13.88	2,602,500
Apr 20, 2020	14.20	14.28	13.60	13.81	2,513,000
Apr 21, 2020	13.55	13.55	12.90	13.00	913,000
Apr 22, 2020	12.70	13.14	12.66	12.97	750,000
Apr 23, 2020	13.15	13.80	13.08	13.70	1,154,000
Apr 24, 2020	13.66	13.90	13.40	13.48	715,000
Apr 27, 2020	13.49	13.49	13.10	13.23	227,500
Apr 28, 2020	13.12	13.30	13.12	13.25	121,000
Apr 29, 2020	13.49	13.50	13.32	13.39	221,000
Apr 30, 2020	13.50	13.78	13.49	13.70	955,000
May 4, 2020	13.50	14.19	13.40	13.87	1,968,000
May 5, 2020	13.99	14.25	13.80	14.04	906,500
May 6, 2020	14.29	14.44	14.06	14.31	1,024,000
May 7, 2020	14.01	14.25	13.77	13.85	639,000
May 8, 2020	13.66	14.30	13.60	14.20	661,500
May 11, 2020	14.20	14.48	14.00	14.13	2,275,500
May 12, 2020	14.24	14.25	13.70	13.79	928,500
May 13, 2020	13.79	13.88	13.50	13.59	809,500
May 14, 2020	13.77	13.85	13.40	13.70	613,500
May 15, 2020	13.60	13.80	13.58	13.63	306,500
May 18, 2020	13.80	13.80	13.43	13.59	531,500
May 19, 2020	13.60	14.32	13.49	13.92	2,001,500
May 20, 2020	14.05	14.14	13.70	13.86	1,123,000
May 21, 2020	13.95	13.95	13.60	13.67	283,000
May 28, 2020	13.51	13.80	13.32	13.73	269,000
May 29, 2020	13.75	13.76	13.51	13.56	760,000
Jun 1, 2020	13.55	13.70	13.45	13.55	366,000
Jun 2, 2020	13.55	13.78	13.50	13.67	481,500
Jun 3, 2020	13.68	13.95	13.66	13.71	238,500
Jun 4, 2020	13.57	13.78	13.57	13.64	354,000
Jun 5, 2020	13.55	13.60	13.51	13.55	110,000
Jun 8, 2020	13.60	13.70	13.53	13.67	203,000
Jun 9, 2020	13.85	14.15	13.71	13.78	944,500
Jun 10, 2020	13.80	14.20	13.70	13.98	2,054,000
Jun 11, 2020	14.10	14.14	13.81	13.91	684,000
Jun 12, 2020	13.70	13.80	13.55	13.73	260,500
Jun 15, 2020	13.80	13.80	13.26	13.28	943,000
Jun 16, 2020	13.41	13.50	13.33	13.43	294,500
Jun 17, 2020	13.69	13.90	13.31	13.39	792,000
Jun 18, 2020	13.39	13.50	13.04	13.10	693,000
Jun 19, 2020	13.10	13.21	12.80	12.87	725,000
Jun 22, 2020	12.88	12.90	12.10	12.61	1,306,000
Jun 23, 2020	12.65	12.90	12.55	12.77	500,500
Jun 24, 2020	12.88	12.97	12.60	12.73	526,000
Jun 25, 2020	12.60	12.74	12.45	12.59	643,500
Jun 26, 2020	12.60	12.70	12.43	12.50	464,000
Jun 29, 2020	12.45	12.80	12.45	12.72	11,660,500
Jun 30, 2020	12.84	13.65	12.73	13.34	14,587,500
Jul 1, 2020	13.39	13.55	13.21	13.31	766,000
Jul 2, 2020	13.45	13.60	13.28	13.30	1,366,000
Jul 3, 2020	13.48	13.48	13.26	13.29	157,500
Jul 6, 2020	13.44	13.63	13.11	13.47	1,027,000
Jul 7, 2020	13.62	13.66	13.45	13.51	748,500
Jul 8, 2020	13.49	13.58	13.35	13.43	856,500
Jul 9, 2020	13.55	13.94	13.42	13.81	2,738,500
Jul 10, 2020	14.00	14.40	13.85	14.22	4,284,500
Jul 13, 2020	14.22	15.25	14.15	15.09	6,713,500
Jul 14, 2020	15.25	15.40	14.92	15.10	5,555,000
Jul 15, 2020	14.84	15.00	14.12	14.34	3,943,000
Jul 16, 2020	14.69	14.75	14.25	14.47	1,516,000
Jul 17, 2020	14.32	14.69	14.32	14.46	949,500
Jul 20, 2020	14.50	15.00	14.50	14.86	2,022,500
Jul 21, 2020	14.86	14.99	14.60	14.76	1,661,000
Jul 22, 2020	14.75	15.09	14.51	14.77	2,710,000
Jul 23, 2020	14.90	14.90	14.21	14.34	1,171,500
Jul 24, 2020	14.40	14.40	14.03	14.21	595,000
Jul 27, 2020	14.25	14.35	14.06	14.11	623,500
Jul 28, 2020	14.35	14.38	14.15	14.25	1,024,500
Jul 29, 2020	14.47	14.78	14.22	14.37	1,815,500
Jul 30, 2020	14.37	14.62	14.22	14.28	1,453,000
Aug 3, 2020	14.44	14.60	14.40	14.41	1,290,000
Aug 4, 2020	14.68	14.68	14.25	14.33	1,075,500
Aug 5, 2020	14.31	14.47	14.22	14.43	479,500
Aug 6, 2020	14.48	14.70	14.32	14.57	1,195,500
Aug 7, 2020	14.69	14.69	14.23	14.28	694,000
Aug 10, 2020	14.31	14.61	14.31	14.40	822,500
Aug 11, 2020	14.45	15.48	14.45	15.48	6,375,000
Aug 12, 2020	15.80	16.09	14.80	15.05	6,101,000
Aug 13, 2020	15.09	15.70	14.80	15.44	4,897,500
Aug 17, 2020	15.65	16.59	15.52	16.59	4,483,000
Aug 18, 2020	17.09	17.74	16.90	17.05	8,762,500
Aug 19, 2020	17.26	18.18	17.25	17.89	8,616,000
Aug 20, 2020	17.90	18.38	17.19	17.32	7,770,000
Aug 21, 2020	17.35	17.69	16.70	17.36	6,972,000
Aug 24, 2020	17.37	17.60	17.20	17.25	2,774,000
Aug 25, 2020	17.26	17.74	17.26	17.55	3,627,000
Aug 26, 2020	17.70	18.28	17.30	17.79	6,623,000
Aug 27, 2020	17.78	18.19	17.52	17.57	3,552,500
Aug 28, 2020	17.41	17.80	17.41	17.64	884,000
Aug 31, 2020	17.89	17.89	17.21	17.33	1,951,500
Sep 1, 2020	17.50	17.78	17.25	17.54	1,599,500
Sep 2, 2020	17.90	18.15	17.71	18.04	4,399,000
Sep 3, 2020	18.18	19.25	18.18	18.92	12,193,500
Sep 4, 2020	18.73	18.92	18.43	18.59	4,559,000
Sep 7, 2020	18.80	19.13	18.65	18.74	3,193,500
Sep 8, 2020	18.82	19.03	18.02	18.15	3,249,000
Sep 9, 2020	18.00	18.18	17.80	17.91	1,766,500
Sep 10, 2020	18.20	18.49	18.01	18.09	1,670,000
Sep 11, 2020	18.10	18.24	17.85	17.93	1,751,000
Sep 14, 2020	17.80	17.90	17.25	17.55	2,436,500
Sep 15, 2020	17.55	17.81	17.26	17.32	1,669,500
Sep 16, 2020	17.35	17.54	16.84	17.04	1,218,000
Sep 17, 2020	17.10	17.35	16.95	17.04	851,000
Sep 18, 2020	16.96	17.25	16.85	17.10	1,399,000
Sep 21, 2020	17.10	17.45	16.86	17.11	1,318,000
Sep 22, 2020	17.03	17.23	16.75	16.91	966,000
Sep 23, 2020	17.00	17.19	16.85	16.92	953,000
Sep 24, 2020	16.80	16.84	16.40	16.50	938,500
Sep 25, 2020	16.64	16.80	16.35	16.42	1,207,000
Sep 28, 2020	16.40	16.50	15.20	15.41	1,500,000
Sep 29, 2020	15.41	16.56	15.41	16.56	3,649,500
Sep 30, 2020	16.82	17.40	16.70	16.90	7,447,000
Oct 1, 2020	16.61	16.85	16.30	16.67	1,039,000
Oct 2, 2020	16.51	16.85	15.70	15.98	744,500
Oct 5, 2020	16.09	16.09	14.85	15.11	1,197,500
Oct 6, 2020	15.11	15.35	14.25	15.15	1,704,000
Oct 7, 2020	15.19	15.98	14.90	15.81	998,000
Oct 8, 2020	15.81	16.29	15.81	16.08	489,500
Oct 9, 2020	16.20	16.39	15.90	16.18	745,000
Oct 12, 2020	16.40	16.40	15.45	15.61	803,500
Oct 13, 2020	15.30	15.69	15.12	15.42	401,000
Oct 14, 2020	15.50	15.58	15.02	15.27	311,500
Oct 15, 2020	15.42	15.75	15.25	15.31	543,500
Oct 16, 2020	15.49	15.55	15.25	15.42	299,500
Oct 19, 2020	15.31	15.60	15.05	15.12	1,045,500
Oct 20, 2020	15.33	15.59	15.21	15.52	623,000
Oct 21, 2020	15.68	15.80	15.41	15.71	1,699,500
Oct 22, 2020	15.60	15.84	15.40	15.46	652,500
Oct 23, 2020	15.42	15.74	15.40	15.55	473,500
Oct 26, 2020	15.70	16.10	15.70	15.97	1,325,500
Oct 27, 2020	16.01	16.76	16.00	16.28	2,939,000
Oct 28, 2020	16.31	16.50	15.75	15.84	1,547,500
Oct 29, 2020	15.65	15.65	14.66	14.79	2,002,000
Nov 2, 2020	14.79	14.79	13.90	14.31	589,000
Nov 3, 2020	14.35	15.10	14.35	15.01	898,500
Nov 4, 2020	15.25	15.38	14.91	15.01	926,000
Nov 5, 2020	15.34	15.49	15.23	15.41	671,500
Nov 6, 2020	15.23	15.49	15.20	15.23	182,500
Nov 9, 2020	15.45	15.45	14.90	15.02	443,500
Nov 10, 2020	15.50	15.54	15.03	15.07	922,500
Nov 11, 2020	15.20	15.29	14.82	14.96	317,500
Nov 12, 2020	15.20	15.25	13.90	13.99	2,056,500
Nov 13, 2020	14.00	14.20	13.60	14.01	609,500
Nov 16, 2020	14.25	14.58	14.20	14.27	586,500
Nov 17, 2020	14.49	14.49	14.01	14.08	483,500
Nov 18, 2020	14.06	14.18	13.85	14.00	399,500
Nov 19, 2020	14.00	14.29	13.95	14.25	625,500
Nov 20, 2020	14.10	14.49	13.95	14.03	649,000
Nov 23, 2020	13.85	13.85	13.50	13.69	483,500
Nov 24, 2020	13.79	14.00	13.69	13.77	552,000
Nov 25, 2020	13.94	14.00	13.70	13.79	327,000
Nov 26, 2020	13.72	14.24	13.72	14.03	689,500
Nov 27, 2020	14.05	14.15	13.80	13.83	859,500
Nov 30, 2020	13.75	13.99	13.75	13.93	154,500
Dec 1, 2020	14.10	14.44	13.90	14.28	1,714,500
Dec 2, 2020	14.40	14.93	14.26	14.75	1,994,500
Dec 3, 2020	14.85	15.10	14.60	14.62	1,018,000
Dec 4, 2020	14.80	14.95	14.50	14.52	444,000
Dec 7, 2020	14.74	14.80	14.41	14.46	307,000
Dec 8, 2020	14.49	14.55	14.22	14.28	2,170,500
Dec 9, 2020	14.38	14.80	14.35	14.43	2,589,000
Dec 10, 2020	14.41	14.59	14.30	14.33	2,754,000
Dec 11, 2020	14.37	14.68	14.30	14.35	3,432,500
Dec 14, 2020	14.50	14.93	14.50	14.86	1,732,500
Dec 15, 2020	14.93	15.25	14.70	15.01	2,086,500
Dec 16, 2020	15.05	15.05	14.75	14.85	583,000
Dec 17, 2020	14.95	15.24	14.80	15.15	897,500
Dec 18, 2020	15.30	15.60	14.81	14.99	866,000
Dec 21, 2020	14.88	15.00	14.60	14.66	599,000
Dec 22, 2020	14.66	14.79	14.30	14.36	741,500
Dec 23, 2020	14.10	14.53	14.10	14.39	412,000
Dec 24, 2020	14.46	14.69	14.15	14.34	830,500
Dec 28, 2020	14.35	14.52	14.35	14.49	475,000
Dec 29, 2020	14.58	14.78	14.36	14.42	542,500
Dec 30, 2020	14.45	14.75	14.31	14.42	666,000
Dec 31, 2020	14.59	14.79	14.45	14.52	1,130,500
Jan 1, 2021	14.68	15.60	14.59	15.60	5,666,500
Jan 4, 2021	15.99	16.49	15.90	16.02	5,771,500
Jan 5, 2021	16.15	16.15	15.50	15.64	2,295,500
Jan 6, 2021	15.65	15.80	15.45	15.51	1,658,500
Jan 7, 2021	15.70	15.70	15.15	15.24	1,191,500
Jan 8, 2021	15.24	15.39	14.91	15.12	698,000
Jan 11, 2021	15.39	15.44	15.18	15.21	320,500
Jan 12, 2021	15.25	15.55	15.12	15.45	1,421,000
Jan 13, 2021	15.50	15.68	15.37	15.49	1,213,000
Jan 14, 2021	15.55	15.55	15.16	15.35	631,500
Jan 15, 2021	15.30	15.34	15.10	15.18	499,000
Jan 18, 2021	15.16	15.30	15.00	15.07	339,000
Jan 19, 2021	15.05	15.35	14.90	15.09	959,500
Jan 20, 2021	15.10	15.18	14.89	14.94	450,500
Jan 21, 2021	15.18	15.18	14.90	14.99	423,500
Jan 22, 2021	14.90	14.99	14.40	14.69	537,500
Jan 25, 2021	14.90	14.94	14.51	14.69	377,000
Jan 26, 2021	14.84	14.93	14.68	14.75	365,000
Jan 27, 2021	14.75	14.90	14.56	14.61	748,000
Jan 28, 2021	14.57	14.68	14.46	14.49	532,500
Jan 29, 2021	14.94	15.05	14.75	14.80	1,562,500
Feb 1, 2021	14.99	15.10	14.52	14.61	1,014,500
Feb 2, 2021	14.55	15.10	14.55	14.71	996,000
Feb 3, 2021	14.90	15.10	14.76	14.85	1,106,000
Feb 4, 2021	15.08	15.08	14.60	14.78	553,500
Feb 8, 2021	14.89	14.90	14.27	14.44	856,000
Feb 9, 2021	14.50	14.73	14.35	14.41	679,000
Feb 10, 2021	14.69	14.70	14.37	14.48	890,500
Feb 11, 2021	14.59	14.64	13.86	13.96	1,041,500
Feb 12, 2021	14.05	14.32	13.84	14.11	1,176,000
Feb 15, 2021	14.25	14.94	14.07	14.72	1,667,500
Feb 16, 2021	14.95	14.95	14.35	14.42	818,000
Feb 17, 2021	14.50	14.50	14.15	14.20	438,000
Feb 18, 2021	14.28	14.34	14.14	14.19	399,000
Feb 19, 2021	14.47	14.47	14.14	14.20	559,000
Feb 22, 2021	14.30	14.30	14.03	14.14	580,500
Feb 23, 2021	14.15	14.18	14.00	14.01	619,000
Feb 24, 2021	13.96	14.05	13.80	13.86	452,000
Feb 25, 2021	13.95	14.09	13.81	13.90	349,500
Feb 26, 2021	13.90	13.95	13.52	13.61	550,000
Mar 1, 2021	13.78	13.79	13.15	13.33	438,000
Mar 2, 2021	13.31	14.30	13.31	14.11	2,639,000
Mar 3, 2021	14.15	14.66	14.01	14.13	2,988,500
Mar 4, 2021	13.89	13.89	13.51	13.60	1,214,500
Mar 5, 2021	13.60	13.90	13.45	13.88	736,000
Mar 8, 2021	14.00	14.09	13.25	13.45	843,500
Mar 9, 2021	13.45	13.59	13.25	13.31	1,403,000
Mar 10, 2021	13.50	13.50	13.20	13.23	763,500
Mar 11, 2021	13.20	13.27	12.85	12.98	603,500
Mar 12, 2021	13.27	13.35	12.99	13.21	466,000
Mar 15, 2021	13.45	13.50	13.11	13.33	2,361,000
Mar 16, 2021	13.31	13.35	13.15	13.16	1,103,000
Mar 17, 2021	13.35	13.50	12.85	13.26	4,043,500
Mar 18, 2021	13.31	13.60	13.04	13.08	4,110,000
Mar 19, 2021	13.20	13.30	13.00	13.19	1,133,000
Mar 22, 2021	13.15	13.94	13.06	13.84	5,814,000
Mar 24, 2021	13.75	13.90	13.35	13.40	1,666,500
Mar 25, 2021	13.50	13.59	13.20	13.32	807,500
Mar 26, 2021	13.21	13.40	13.15	13.32	1,281,000
Mar 29, 2021	13.35	13.35	12.70	12.79	1,092,500
Mar 30, 2021	12.62	12.99	12.60	12.88	478,500
Mar 31, 2021	12.80	13.30	12.61	12.84	1,796,000
Apr 1, 2021	12.95	13.00	12.65	12.69	725,500
Apr 2, 2021	12.71	12.80	12.57	12.62	554,000
Apr 5, 2021	12.70	12.70	12.25	12.30	511,000
Apr 6, 2021	12.49	12.67	12.34	12.57	363,000
Apr 7, 2021	12.56	12.94	12.50	12.54	1,281,500
Apr 8, 2021	12.65	12.73	12.52	12.60	456,500
Apr 9, 2021	12.75	12.85	12.56	12.78	525,000
Apr 12, 2021	12.70	12.79	12.53	12.57	238,500
Apr 13, 2021	12.57	13.15	12.51	12.87	1,816,500
Apr 14, 2021	12.93	13.14	12.75	12.93	1,310,000
Apr 15, 2021	12.99	13.23	12.90	13.11	1,247,500
Apr 16, 2021	13.13	13.21	12.90	12.93	259,500
Apr 19, 2021	12.56	12.88	12.56	12.81	104,500
Apr 20, 2021	12.90	12.95	12.65	12.85	200,000
Apr 21, 2021	12.76	12.85	12.70	12.73	136,000
Apr 22, 2021	12.80	12.80	12.40	12.47	285,500
Apr 23, 2021	12.34	12.39	12.25	12.30	284,500
Apr 26, 2021	12.25	12.59	12.01	12.37	352,500
Apr 27, 2021	12.31	12.45	12.04	12.11	297,500
Apr 28, 2021	12.15	12.55	12.15	12.23	318,000
Apr 29, 2021	12.15	12.29	12.12	12.17	162,500
Apr 30, 2021	12.15	12.15	11.90	11.94	300,500
May 3, 2021	11.90	12.10	11.71	11.99	336,000
May 4, 2021	11.99	12.13	11.76	12.08	332,000
May 5, 2021	12.18	12.19	11.90	12.08	73,500
May 6, 2021	12.18	12.24	12.05	12.06	130,500
May 17, 2021	12.23	12.88	12.23	12.71	1,698,000
May 18, 2021	12.78	13.25	12.65	12.96	2,393,000
May 19, 2021	13.01	13.07	12.70	12.73	1,740,500
May 20, 2021	12.75	12.90	12.55	12.75	379,500
May 21, 2021	12.75	13.36	12.75	13.24	2,328,500
May 24, 2021	13.45	13.55	13.25	13.31	2,017,500
May 25, 2021	13.47	13.47	13.05	13.23	799,000
May 26, 2021	13.35	13.45	13.15	13.31	1,095,000
May 27, 2021	13.30	14.20	13.20	13.59	6,213,500
May 28, 2021	13.60	14.30	13.51	14.11	3,935,000
May 31, 2021	14.33	14.89	14.30	14.66	5,052,500
Jun 1, 2021	14.78	15.05	14.61	14.73	2,870,000
Jun 2, 2021	14.75	15.00	14.45	14.62	2,097,500
Jun 3, 2021	14.70	14.93	14.42	14.52	2,442,500
Jun 4, 2021	14.59	14.95	14.45	14.72	2,207,000
Jun 7, 2021	14.99	15.55	14.71	15.00	6,345,500
Jun 8, 2021	14.99	15.55	14.81	14.92	4,686,000
Jun 9, 2021	14.90	15.28	14.53	14.63	4,018,000
Jun 10, 2021	14.70	14.95	14.52	14.59	1,966,000
Jun 11, 2021	14.66	15.25	14.62	14.81	4,936,000
Jun 14, 2021	14.88	15.51	14.75	15.29	4,749,500
Jun 15, 2021	15.20	15.70	15.06	15.30	2,394,500
Jun 16, 2021	15.57	15.64	15.05	15.10	1,577,500
Jun 17, 2021	15.02	15.08	14.70	14.73	828,000
Jun 18, 2021	14.80	14.97	14.61	14.67	558,500
Jun 21, 2021	14.65	14.75	14.26	14.44	2,412,000
Jun 22, 2021	14.44	14.50	14.20	14.25	577,500
Jun 23, 2021	14.16	14.16	13.90	13.99	1,532,000
Jun 24, 2021	14.10	14.23	13.85	13.90	1,745,500
Jun 25, 2021	14.15	14.35	13.91	13.99	1,967,000
Jun 28, 2021	14.09	14.10	13.25	13.41	1,154,000
Jun 29, 2021	13.40	13.60	13.36	13.44	462,500
Jun 30, 2021	13.60	13.78	13.26	13.30	1,097,500
Jul 1, 2021	13.49	13.65	13.49	13.58	444,500
Jul 2, 2021	13.68	13.75	13.54	13.56	432,000
Jul 5, 2021	13.79	14.14	13.70	13.82	1,548,500
Jul 6, 2021	13.90	13.93	13.56	13.66	242,500
Jul 7, 2021	13.58	13.78	13.51	13.66	118,000
Jul 8, 2021	13.52	13.90	13.52	13.87	245,000
Jul 9, 2021	14.00	14.00	13.55	13.58	387,000
Jul 12, 2021	13.75	13.75	13.27	13.34	439,000
Jul 13, 2021	13.43	13.48	13.32	13.41	194,000
Jul 14, 2021	13.22	13.48	13.15	13.19	601,500
Jul 15, 2021	13.10	13.35	13.10	13.17	261,500
Jul 16, 2021	13.34	13.69	13.17	13.23	868,500
Jul 19, 2021	13.19	14.23	13.16	14.23	4,913,500
Jul 23, 2021	14.45	14.80	14.30	14.54	6,194,500
Jul 26, 2021	14.50	14.50	13.91	13.94	1,870,500
Jul 27, 2021	13.82	13.94	13.50	13.56	946,500
Jul 28, 2021	13.51	13.95	13.25	13.35	877,500
Jul 29, 2021	13.40	13.50	13.10	13.35	707,500
Jul 30, 2021	13.35	13.45	13.13	13.19	445,500
Aug 2, 2021	13.21	13.33	13.15	13.20	1,083,500
Aug 3, 2021	13.39	13.50	13.20	13.23	1,755,000
Aug 4, 2021	13.39	13.49	13.21	13.40	1,448,500
Aug 5, 2021	13.48	13.48	13.21	13.24	334,000
Aug 6, 2021	13.25	13.35	13.17	13.19	634,500
Aug 9, 2021	13.21	13.34	12.91	12.98	620,000
Aug 10, 2021	12.91	13.05	12.82	12.95	335,000
Aug 11, 2021	13.05	13.18	12.95	13.12	401,000
Aug 12, 2021	13.19	13.19	12.90	12.91	347,500
Aug 13, 2021	12.87	12.91	12.66	12.71	357,000
Aug 16, 2021	12.71	12.85	12.60	12.66	167,500
Aug 17, 2021	12.76	12.88	12.66	12.79	131,000
Aug 20, 2021	12.85	12.99	12.85	12.86	303,000
Aug 23, 2021	12.99	13.01	12.86	13.00	213,500
Aug 24, 2021	12.90	13.07	12.87	12.90	271,500
Aug 25, 2021	13.04	13.09	12.90	12.92	331,500
Aug 26, 2021	12.80	12.99	12.75	12.79	295,000
Aug 27, 2021	12.72	12.88	12.51	12.63	226,000
Aug 30, 2021	12.75	12.88	12.60	12.63	313,000
Aug 31, 2021	12.55	12.70	12.53	12.62	222,500
Sep 1, 2021	12.60	12.75	12.60	12.63	207,500
Sep 2, 2021	12.73	12.73	12.53	12.55	258,000
Sep 3, 2021	12.55	12.60	12.41	12.45	217,000
Sep 6, 2021	12.41	12.50	12.25	12.28	487,000
Sep 7, 2021	12.26	12.35	12.10	12.24	290,000
Sep 8, 2021	12.25	12.25	12.10	12.22	224,500
Sep 9, 2021	12.24	12.35	12.20	12.26	94,500
Sep 10, 2021	12.30	12.45	12.20	12.22	141,500
Sep 13, 2021	12.23	12.39	12.12	12.14	233,500
Sep 14, 2021	12.20	12.20	11.95	12.03	813,500
Sep 15, 2021	12.19	12.20	11.89	12.14	282,000
Sep 16, 2021	12.00	12.13	11.92	12.06	419,000
Sep 17, 2021	11.96	12.34	11.71	12.04	3,969,500
Sep 20, 2021	12.04	12.35	11.90	12.02	882,000
Sep 21, 2021	12.05	12.05	11.70	11.84	266,000
Sep 22, 2021	11.68	11.82	11.50	11.66	837,500
Sep 23, 2021	11.66	11.88	11.11	11.36	382,500
Sep 24, 2021	11.59	11.59	11.00	11.06	724,000
Sep 27, 2021	11.10	11.25	10.94	11.00	872,000
Sep 28, 2021	11.15	11.29	11.07	11.15	328,000
Sep 29, 2021	11.17	11.20	10.85	10.90	248,500
Sep 30, 2021	10.92	11.20	10.41	10.93	1,288,500
Oct 1, 2021	11.17	11.45	10.93	11.24	2,164,000
Oct 4, 2021	11.29	11.29	11.00	11.13	412,500
Oct 5, 2021	11.06	11.20	10.95	11.01	243,000
Oct 6, 2021	10.93	11.00	10.70	10.74	228,000
Oct 7, 2021	10.90	10.99	10.71	10.76	193,500
Oct 8, 2021	10.94	10.94	10.62	10.70	500,000
Oct 11, 2021	10.65	10.80	10.26	10.37	460,500
Oct 12, 2021	10.25	10.46	10.23	10.31	662,000
Oct 13, 2021	10.40	10.48	10.00	10.08	637,000
Oct 14, 2021	10.24	10.49	10.10	10.39	340,000
Oct 15, 2021	10.46	10.50	10.10	10.17	706,000
Oct 18, 2021	10.20	10.54	10.20	10.25	568,500
Oct 20, 2021	10.28	10.54	10.28	10.44	288,000
Oct 21, 2021	10.50	10.54	10.31	10.35	254,500
Oct 22, 2021	10.45	10.45	10.20	10.20	152,500
Oct 25, 2021	10.22	10.49	10.15	10.20	44,000
Oct 26, 2021	10.40	10.40	10.16	10.29	301,500
Oct 27, 2021	10.38	10.58	10.31	10.41	161,500
Oct 28, 2021	10.46	10.48	10.22	10.29	47,500
Oct 29, 2021	10.40	10.40	10.15	10.36	72,000
Nov 1, 2021	10.40	10.64	10.40	10.56	294,500
Nov 2, 2021	10.45	10.80	10.45	10.56	541,500
Nov 3, 2021	10.56	10.70	10.50	10.52	120,500
Nov 4, 2021	10.69	11.47	10.63	11.27	1,289,000
Nov 5, 2021	11.26	11.51	11.01	11.36	666,000
Nov 8, 2021	11.39	11.39	11.11	11.18	205,500
Nov 9, 2021	11.05	11.10	10.65	10.82	225,500
Nov 10, 2021	10.61	11.15	10.61	11.04	352,000
Nov 11, 2021	11.15	11.30	10.90	10.97	843,500
Nov 12, 2021	10.81	10.97	10.61	10.70	156,000
Nov 15, 2021	10.87	10.87	10.51	10.56	75,500
Nov 16, 2021	10.74	10.99	10.56	10.84	220,000
Nov 17, 2021	10.96	10.96	10.61	10.73	69,000
Nov 18, 2021	10.71	10.75	10.61	10.72	37,500
Nov 19, 2021	10.66	10.88	10.60	10.63	110,000
Nov 22, 2021	10.55	10.75	10.41	10.50	197,500
Nov 23, 2021	10.50	10.50	10.21	10.23	134,000
Nov 24, 2021	10.24	10.30	10.00	10.06	265,500
Nov 25, 2021	10.02	10.20	9.95	9.99	115,500
Nov 26, 2021	10.14	10.24	9.99	10.05	218,500
Nov 29, 2021	10.00	10.23	9.98	10.18	342,500
Nov 30, 2021	10.21	10.27	10.05	10.10	284,500
Dec 1, 2021	10.06	10.15	9.99	10.06	562,000
Dec 2, 2021	10.07	10.07	9.32	9.54	727,000
Dec 3, 2021	9.54	9.94	9.31	9.65	643,000
Dec 6, 2021	9.63	9.87	9.40	9.50	233,500
Dec 7, 2021	9.40	9.67	9.40	9.53	296,500
Dec 8, 2021	9.44	9.73	9.44	9.55	104,000
Dec 9, 2021	9.65	9.65	9.34	9.39	224,000
Dec 10, 2021	9.60	9.60	9.20	9.27	337,500
Dec 13, 2021	9.35	9.35	9.15	9.16	88,000
Dec 14, 2021	9.12	9.30	9.12	9.23	162,000
Dec 15, 2021	9.35	9.69	9.31	9.57	543,500
Dec 16, 2021	9.50	9.57	9.26	9.31	166,000
Dec 17, 2021	9.20	9.25	9.10	9.22	102,000
Dec 20, 2021	9.30	9.38	9.20	9.25	141,000
Dec 21, 2021	9.30	9.35	9.10	9.12	515,000
Dec 22, 2021	9.15	9.18	9.10	9.11	69,500
Dec 23, 2021	9.15	9.24	9.10	9.12	81,000
Dec 24, 2021	9.10	9.20	9.10	9.11	32,000
Dec 27, 2021	9.11	9.11	9.08	9.09	53,500
Dec 28, 2021	9.10	9.14	8.95	8.97	489,000
Dec 29, 2021	9.00	9.10	8.96	8.99	670,500
Dec 30, 2021	9.20	9.30	8.91	8.96	1,416,500
Dec 31, 2021	9.11	9.44	9.00	9.29	1,839,000
Jan 3, 2022	9.28	9.35	9.12	9.30	131,500
Jan 4, 2022	9.35	9.63	9.35	9.60	363,500
Jan 5, 2022	9.60	9.60	9.36	9.40	351,500
Jan 6, 2022	9.36	9.36	9.25	9.26	196,500
Jan 7, 2022	9.21	9.30	9.15	9.19	239,500
Jan 10, 2022	9.19	9.30	9.19	9.22	125,000
Jan 11, 2022	9.30	9.34	9.19	9.20	100,000
Jan 12, 2022	9.30	9.60	9.24	9.53	1,135,500
Jan 13, 2022	9.55	9.59	9.35	9.39	354,500
Jan 14, 2022	9.55	9.65	9.31	9.49	147,000
Jan 17, 2022	9.32	9.32	9.25	9.30	32,500
Jan 18, 2022	9.46	9.94	9.26	9.68	672,500
Jan 19, 2022	9.60	9.75	9.30	9.37	371,500
Jan 20, 2022	9.41	9.41	9.21	9.34	258,000
Jan 21, 2022	9.34	9.50	9.30	9.40	396,000
Jan 24, 2022	9.35	9.44	9.27	9.35	151,500
Jan 25, 2022	9.37	9.55	9.30	9.32	734,000
Jan 26, 2022	9.30	9.30	9.27	9.30	67,000
Jan 27, 2022	9.33	9.39	9.25	9.30	53,500
Jan 28, 2022	9.40	9.49	9.25	9.27	116,500
Jan 31, 2022	9.35	9.55	9.33	9.45	231,500
Feb 1, 2022	9.50	9.65	9.41	9.53	639,000
Feb 2, 2022	9.53	9.95	9.52	9.82	404,000
Feb 3, 2022	9.80	10.09	9.70	9.73	323,000
Feb 4, 2022	9.65	9.78	9.55	9.57	229,000
Feb 7, 2022	9.55	9.80	9.55	9.59	189,500
Feb 8, 2022	9.60	9.68	9.59	9.62	27,000
Feb 9, 2022	9.70	9.72	9.59	9.64	105,000
Feb 10, 2022	9.64	9.84	9.52	9.55	140,500
Feb 11, 2022	9.67	9.67	9.30	9.37	289,500
Feb 14, 2022	9.40	9.96	9.40	9.87	2,974,000
Feb 15, 2022	9.88	9.99	9.50	9.67	1,027,000
Feb 16, 2022	9.80	9.80	9.52	9.54	98,500
Feb 17, 2022	9.52	9.60	9.40	9.48	272,500
Feb 18, 2022	9.60	10.45	9.54	10.41	4,109,000
Feb 21, 2022	10.48	10.79	10.11	10.16	2,668,500
Feb 22, 2022	10.25	10.25	9.52	9.83	983,500
Feb 23, 2022	9.72	10.12	9.71	9.84	569,500
Feb 24, 2022	9.70	9.74	8.92	9.15	1,057,000
Feb 25, 2022	9.25	9.29	9.01	9.11	267,500
Feb 28, 2022	8.90	9.25	8.76	9.21	284,500
Mar 1, 2022	9.25	9.30	9.05	9.19	157,500
Mar 2, 2022	9.25	9.57	9.10	9.33	395,500
Mar 3, 2022	9.50	9.87	9.35	9.60	1,009,500
Mar 4, 2022	9.60	9.97	9.52	9.58	229,500
Mar 7, 2022	9.51	9.52	9.11	9.13	433,000
Mar 8, 2022	9.20	9.25	8.70	8.74	1,898,500
Mar 9, 2022	8.89	9.14	8.81	8.83	614,000
Mar 10, 2022	9.05	9.10	8.79	8.83	358,500
Mar 11, 2022	8.83	9.00	8.76	8.84	106,000
Mar 14, 2022	8.84	8.94	8.61	8.62	146,000
Mar 15, 2022	8.84	8.99	8.64	8.95	10,907,500
Mar 16, 2022	8.99	9.04	8.81	8.86	307,000
Mar 17, 2022	8.99	8.99	8.71	8.80	117,500
Mar 18, 2022	8.86	9.09	8.61	8.77	225,000
Mar 21, 2022	8.75	8.95	8.62	8.67	207,500
Mar 22, 2022	8.89	8.89	8.62	8.69	153,000
Mar 24, 2022	8.70	8.78	8.60	8.74	93,500
Mar 25, 2022	8.74	8.85	8.67	8.75	153,000
Mar 28, 2022	8.79	9.00	8.70	8.94	2,323,500
Mar 29, 2022	8.94	9.23	8.90	9.16	416,500
Mar 30, 2022	9.11	9.22	8.90	8.96	357,000
Mar 31, 2022	9.05	9.28	8.90	9.18	468,500
Apr 1, 2022	9.05	9.22	9.05	9.09	74,500
Apr 4, 2022	8.80	9.09	8.75	8.85	93,000
Apr 5, 2022	8.80	8.99	8.75	8.85	95,000
Apr 6, 2022	8.98	9.04	8.83	8.90	52,000
Apr 7, 2022	8.99	8.99	8.81	8.83	74,500
Apr 8, 2022	8.90	9.15	8.83	9.03	316,500
Apr 11, 2022	9.27	9.79	9.14	9.60	1,173,500
Apr 12, 2022	9.77	9.77	9.32	9.49	265,500
Apr 13, 2022	9.50	9.50	9.11	9.24	195,000
Apr 14, 2022	9.25	9.50	9.17	9.50	541,000
Apr 15, 2022	9.41	9.58	9.41	9.45	484,500
Apr 18, 2022	9.45	9.81	9.45	9.55	728,000
Apr 19, 2022	9.53	9.53	9.30	9.33	103,000
Apr 20, 2022	9.39	9.50	9.22	9.23	127,000
Apr 21, 2022	9.25	9.25	9.06	9.10	120,000
Apr 22, 2022	9.30	9.30	9.07	9.25	217,000
Apr 25, 2022	9.34	9.39	9.15	9.17	143,000
Apr 26, 2022	9.10	9.10	8.95	9.02	194,500
Apr 27, 2022	8.93	9.15	8.90	9.10	226,000
Apr 28, 2022	8.92	8.94	8.84	8.86	107,500
May 6, 2022	8.90	9.10	8.81	8.85	43,500
May 9, 2022	9.07	9.07	8.70	8.97	130,000
May 10, 2022	8.97	8.97	8.75	8.91	34,500
May 11, 2022	8.73	8.91	8.50	8.75	150,500
May 12, 2022	8.57	8.84	8.50	8.76	111,000
May 13, 2022	8.55	8.83	8.55	8.69	91,000
May 16, 2022	8.70	8.73	8.41	8.70	87,500
May 17, 2022	8.68	8.85	8.68	8.81	174,000
May 18, 2022	8.79	8.80	8.45	8.52	580,000
May 19, 2022	8.55	8.70	8.44	8.51	333,500
May 20, 2022	8.51	8.56	8.45	8.49	33,000
May 23, 2022	8.22	8.67	8.22	8.47	127,000
May 24, 2022	8.47	8.54	8.38	8.44	76,000
May 25, 2022	8.31	8.49	8.31	8.40	46,000
May 26, 2022	8.40	8.83	8.36	8.68	349,000
May 27, 2022	8.83	9.29	8.62	8.68	4,173,000
May 30, 2022	8.65	9.44	8.65	9.30	1,620,000
May 31, 2022	9.30	9.45	9.02	9.06	486,000
Jun 1, 2022	8.83	9.10	8.82	8.85	420,000
Jun 2, 2022	8.81	8.81	8.71	8.75	71,500
Jun 3, 2022	8.97	8.97	8.51	8.69	156,500
Jun 6, 2022	8.88	9.34	8.75	9.10	831,000
Jun 7, 2022	9.10	9.95	9.02	9.79	3,592,500
Jun 8, 2022	9.85	9.95	9.26	9.37	1,179,500
Jun 9, 2022	9.38	9.50	9.20	9.24	300,500
Jun 10, 2022	9.26	9.48	9.24	9.33	78,500
Jun 13, 2022	9.30	9.30	8.98	9.03	239,500
Jun 14, 2022	9.00	9.65	8.88	9.52	1,051,000
Jun 15, 2022	9.59	9.63	9.20	9.26	1,157,500
Jun 16, 2022	9.20	9.50	9.15	9.27	649,500
Jun 17, 2022	9.35	9.62	9.27	9.35	667,500
Jun 20, 2022	9.48	9.51	9.25	9.37	263,500
Jun 21, 2022	9.37	9.60	9.26	9.46	1,577,000
Jun 22, 2022	9.49	9.53	9.26	9.27	314,000
Jun 23, 2022	9.22	9.42	9.15	9.24	398,000
Jun 24, 2022	9.30	9.35	8.91	9.00	566,000
Jun 27, 2022	9.15	9.24	8.89	8.93	727,000
Jun 28, 2022	9.00	9.00	8.80	8.82	437,000
Jun 29, 2022	8.80	9.05	8.80	8.88	572,000
Jun 30, 2022	8.98	9.23	8.88	9.06	403,000
Jul 1, 2022	8.99	9.18	8.92	9.10	429,500
Jul 4, 2022	9.18	9.30	8.90	8.96	674,500
Jul 5, 2022	8.92	9.03	8.85	8.86	231,500
Jul 6, 2022	8.85	8.94	8.61	8.81	139,500
Jul 7, 2022	8.89	9.20	8.85	9.14	500,000
Jul 13, 2022	9.20	10.14	9.20	10.10	5,366,500
Jul 14, 2022	10.45	11.10	10.11	10.57	9,157,000
Jul 15, 2022	10.59	10.65	10.24	10.45	1,953,000
Jul 18, 2022	10.21	10.38	10.02	10.22	1,440,500
Jul 19, 2022	10.11	10.75	10.11	10.29	4,033,500
Jul 20, 2022	10.47	10.81	10.25	10.49	2,905,000
Jul 21, 2022	10.25	10.70	9.77	10.02	894,000
Jul 22, 2022	9.99	10.30	9.75	10.21	973,000
Jul 25, 2022	9.92	10.21	9.76	10.02	537,000
Jul 26, 2022	9.81	10.14	9.81	9.92	179,500
Jul 27, 2022	10.00	10.15	9.75	9.79	400,000
Jul 28, 2022	9.90	10.25	9.90	10.02	1,295,500
Jul 29, 2022	10.11	10.72	9.97	10.37	2,615,500
Aug 1, 2022	10.11	10.35	10.02	10.08	729,000
Aug 2, 2022	10.01	10.25	9.83	10.09	790,000
Aug 3, 2022	10.06	10.60	10.06	10.49	947,000
Aug 4, 2022	10.64	10.79	10.23	10.30	1,238,500
Aug 5, 2022	10.31	10.60	10.10	10.49	965,500
Aug 10, 2022	10.48	11.49	10.48	11.27	11,036,500
Aug 11, 2022	11.24	11.34	10.92	10.99	1,472,500
Aug 12, 2022	10.88	11.30	10.87	11.17	1,881,000
Aug 15, 2022	11.38	11.90	11.11	11.68	5,047,500
Aug 16, 2022	11.68	11.81	11.06	11.17	1,186,000
Aug 17, 2022	11.40	11.55	11.10	11.34	2,616,000
Aug 18, 2022	11.44	11.60	11.14	11.20	1,512,500
Aug 19, 2022	11.11	11.30	11.00	11.24	893,500
Aug 22, 2022	11.15	11.59	10.98	11.21	1,479,500
Aug 23, 2022	11.37	11.55	11.22	11.27	1,638,000
Aug 24, 2022	11.13	11.34	11.01	11.04	348,500
Aug 25, 2022	11.05	11.18	10.85	10.89	604,000
Aug 26, 2022	11.00	11.10	10.75	10.87	933,500
Aug 29, 2022	10.72	10.77	10.50	10.58	520,000
Aug 30, 2022	10.94	10.97	10.50	10.51	422,500
Aug 31, 2022	10.59	10.64	10.33	10.37	358,500
Sep 1, 2022	10.45	10.60	10.37	10.40	464,500
Sep 2, 2022	10.45	10.45	10.29	10.31	161,000
Sep 5, 2022	10.40	10.54	10.00	10.09	862,000
Sep 6, 2022	10.10	10.31	10.00	10.26	928,500
Sep 7, 2022	10.26	10.30	10.10	10.13	106,000
Sep 8, 2022	10.19	10.24	10.07	10.20	103,000
Sep 9, 2022	10.23	10.30	10.11	10.12	81,000
Sep 12, 2022	10.11	10.14	10.02	10.06	147,000
Sep 13, 2022	10.10	10.10	10.00	10.02	142,500
Sep 14, 2022	10.01	10.45	10.00	10.27	525,000
Sep 15, 2022	10.30	10.52	10.00	10.03	1,328,000
Sep 16, 2022	10.19	10.31	10.02	10.26	500,000
Sep 19, 2022	10.17	10.32	10.17	10.22	534,500
Sep 20, 2022	10.20	10.28	10.06	10.11	177,000
Sep 21, 2022	10.16	10.20	10.00	10.01	553,000
Sep 22, 2022	10.00	10.00	9.80	9.86	225,000
Sep 23, 2022	9.97	10.00	9.75	9.83	181,500
Sep 26, 2022	9.70	9.92	9.70	9.90	157,500
Sep 27, 2022	9.97	10.30	9.93	10.21	823,000
Sep 28, 2022	10.29	10.30	10.12	10.21	510,000
Sep 29, 2022	10.25	10.30	10.10	10.14	196,500
Sep 30, 2022	10.05	10.20	10.00	10.01	531,500
Oct 3, 2022	10.05	10.21	10.03	10.06	326,500
Oct 4, 2022	10.10	10.20	10.07	10.07	235,000
Oct 5, 2022	10.00	10.13	9.94	9.97	288,500
Oct 6, 2022	10.01	10.25	9.95	10.11	802,500
Oct 7, 2022	9.97	10.10	9.93	10.00	173,500
Oct 10, 2022	9.81	9.99	9.81	9.91	177,500
Oct 11, 2022	9.90	10.04	9.80	9.82	342,500
Oct 12, 2022	9.76	9.87	9.75	9.80	323,500
Oct 13, 2022	9.80	9.85	9.66	9.79	301,500
Oct 14, 2022	9.84	9.84	9.58	9.60	377,500
Oct 17, 2022	9.61	9.65	9.45	9.47	248,500
Oct 18, 2022	9.50	9.70	9.27	9.62	1,790,000
Oct 19, 2022	9.65	9.65	9.42	9.46	465,000
Oct 20, 2022	9.48	9.55	9.40	9.50	170,500
Oct 21, 2022	9.36	9.50	9.31	9.41	113,000
Oct 24, 2022	9.45	9.65	9.45	9.54	220,000
Oct 25, 2022	9.54	9.76	9.50	9.52	706,500
Oct 26, 2022	9.41	9.42	8.91	9.09	621,000
Oct 27, 2022	9.19	9.25	9.10	9.23	337,500
Oct 28, 2022	9.12	9.28	8.92	8.94	461,000
Oct 31, 2022	8.95	9.33	8.94	9.26	1,138,500
Nov 1, 2022	9.26	9.36	9.26	9.31	143,000
Nov 2, 2022	9.38	10.00	9.38	9.66	4,058,000
Nov 3, 2022	9.66	9.78	9.52	9.55	974,000
Nov 4, 2022	9.51	10.55	9.50	10.37	9,357,000
Nov 7, 2022	10.48	11.29	10.47	11.16	14,879,500
Nov 8, 2022	11.30	11.40	10.90	10.94	2,789,000
Nov 10, 2022	11.05	11.38	10.95	11.30	2,354,500
Nov 11, 2022	11.34	11.55	11.01	11.11	3,122,500
Nov 14, 2022	11.20	11.30	10.90	11.06	1,679,500
Nov 15, 2022	11.02	11.38	11.02	11.10	2,338,000
Nov 16, 2022	11.39	11.88	11.35	11.69	9,056,000
Nov 17, 2022	11.74	11.74	11.11	11.17	1,563,000
Nov 18, 2022	11.10	11.48	10.98	11.20	953,500
Nov 21, 2022	11.20	11.30	11.02	11.07	793,000
Nov 22, 2022	11.07	11.50	11.05	11.11	2,697,500
Nov 23, 2022	11.10	11.40	11.04	11.09	1,350,000
Nov 24, 2022	11.14	11.24	11.08	11.16	465,500
Nov 25, 2022	11.17	11.17	11.01	11.06	340,500
Nov 28, 2022	10.91	10.91	10.41	10.66	2,609,000
Nov 29, 2022	10.74	10.75	10.50	10.53	489,000
Nov 30, 2022	10.64	10.66	10.26	10.34	459,000
Dec 1, 2022	10.40	10.50	10.22	10.35	1,600,500
Dec 2, 2022	10.35	10.35	9.92	10.10	629,000
Dec 5, 2022	10.12	10.14	9.75	9.77	710,500
Dec 6, 2022	9.80	9.85	9.40	9.50	990,000
Dec 7, 2022	9.50	10.50	9.50	10.19	12,048,500
Dec 8, 2022	10.25	10.50	9.90	10.03	4,510,000
Dec 9, 2022	9.96	10.50	9.92	10.29	2,469,000
